is_viral,avg,n,sd
Non Viral,5.140096618357488,207,7.702898583816442
TikTok Viral,12.38888888888889,72,9.301757452534993
